post_id,user_id,timestamp,post_content,num_shares,num_reactions,source_link,sentiment_score,flagged,post_content_normalized,word_count,contains_link,emotion_intensity,hour_of_day,engagement_rate,suspicious_keyword_count,day_of_week
POST_0291,user_030,2025-09-09 01:27:13,Doctors HATE this simple method! Click to learn more!,793,368,beforetheydelete.com,-0.73,True,doctors hate this simple method! click to learn more!,9,True,0.73,1,1161,1,Tuesday
POST_0077,user_136,2025-09-20 04:33:42,Just planted some vegetables in my garden.,21,50,scientificamerican.com,0.35,False,just planted some vegetables in my garden.,7,True,0.35,4,71,0,Saturday
POST_0040,user_054,2025-09-29 22:28:13,Beautiful sunset at the beach today. Nature is incredible. #blessed #grateful,22,76,nature.com,0.88,False,beautiful sunset at the beach today. nature is incredible. blessed grateful,11,True,0.88,22,98,0,Monday
POST_0272,user_084,2025-09-09 11:03:57,Hidden message found in the new company logo — proof of global control!,561,702,UNKNOWN,-0.51,True,hidden message found in the new company logo proof of global control!,12,False,0.51,11,1263,1,Tuesday
POST_0047,user_012,2025-10-01 03:46:40,So grateful for the support of my friends and family.,34,92,nasa.gov,0.69,False,so grateful for the support of my friends and family.,10,True,0.69,3,126,0,Wednesday
POST_0147,user_059,2025-09-25 08:39:49,Check out this recipe I tried today. It turned out delicious!,22,14,UNKNOWN,0.69,False,check out this recipe i tried today. it turned out delicious!,11,False,0.69,8,36,0,Thursday
POST_0146,user_036,2025-10-02 23:04:27,Finished my first marathon today! Feeling accomplished. #blessed #grateful,7,5,UNKNOWN,0.44,False,finished my first marathon today! feeling accomplished. blessed grateful,9,False,0.44,23,12,0,Thursday
POST_0015,user_130,2025-10-07 18:41:47,Amazing day volunteering at the local shelter. #blessed #grateful,19,86,UNKNOWN,0.26,False,amazing day volunteering at the local shelter. blessed grateful,9,False,0.26,18,105,0,Tuesday
POST_0154,user_081,2025-09-13 04:50:37,Watching the stars tonight — feeling peaceful and blessed.,28,85,UNKNOWN,0.32,False,watching the stars tonight feeling peaceful and blessed.,8,False,0.32,4,113,0,Saturday
POST_0006,user_059,2025-10-02 23:52:01,Learning to play the guitar — progress feels great!,14,17,UNKNOWN,0.46,False,learning to play the guitar progress feels great!,8,False,0.46,23,31,0,Thursday
POST_0238,user_131,2025-09-22 16:15:15,So grateful for the support of my friends and family.,32,58,UNKNOWN,0.15,False,so grateful for the support of my friends and family.,10,False,0.15,16,90,0,Monday
POST_0029,user_081,2025-09-09 16:23:37,Supporting local businesses is always a good idea.,32,72,UNKNOWN,0.87,False,supporting local businesses is always a good idea.,8,False,0.87,16,104,0,Tuesday
POST_0082,user_017,2025-09-21 05:50:43,Proud of my little sister for graduating with honors!,40,92,UNKNOWN,0.22,False,proud of my little sister for graduating with honors!,9,False,0.22,5,132,0,Sunday
POST_0205,user_041,2025-10-05 01:45:43,Just adopted a cute puppy. Meet Max! #blessed #grateful,46,45,UNKNOWN,0.23,False,just adopted a cute puppy. meet max! blessed grateful,9,False,0.23,1,91,0,Sunday
POST_0296,user_077,2025-10-08 10:23:12,BANNED BY MAINSTREAM MEDIA! THE TRUTH THEY DON'T WANT YOU TO SEE!,788,337,miracle-cures.net,-0.69,True,banned by mainstream media! the truth they dont want you to see!,12,True,0.69,10,1125,1,Wednesday
POST_0010,user_081,2025-09-15 11:17:32,So grateful for the support of my friends and family. #blessed #grateful,41,63,UNKNOWN,0.21,False,so grateful for the support of my friends and family. blessed grateful,12,False,0.21,11,104,0,Monday
POST_0090,user_127,2025-09-22 17:24:09,Loving the new coffee shop downtown. Great atmosphere.,27,99,UNKNOWN,0.3,False,loving the new coffee shop downtown. great atmosphere.,8,False,0.3,17,126,0,Monday
POST_0070,user_031,2025-10-04 09:36:09,Weekend hike was breathtaking. Can’t wait to go back!,22,73,UNKNOWN,0.4,False,weekend hike was breathtaking. cant wait to go back!,9,False,0.4,9,95,0,Saturday
POST_0091,user_148,2025-09-26 15:34:50,Congratulations to our team for winning the championship!,17,78,UNKNOWN,0.71,False,congratulations to our team for winning the championship!,8,False,0.71,15,95,0,Friday
POST_0273,user_150,2025-09-30 02:51:56,SHOCKING evidence of alien cover-up! Must see!,733,502,beforetheydelete.com,-0.85,True,shocking evidence of alien coverup! must see!,7,True,0.85,2,1235,2,Tuesday
POST_0080,user_033,2025-09-16 15:49:42,Just finished reading an amazing book! Highly recommend it. #blessed #grateful,18,94,bloomberg.com,0.79,False,just finished reading an amazing book! highly recommend it. blessed grateful,11,True,0.79,15,112,0,Tuesday
POST_0151,user_030,2025-09-25 06:59:04,Excited to announce my new job at ABC Company!,49,49,UNKNOWN,0.87,False,excited to announce my new job at abc company!,9,False,0.87,6,98,0,Thursday
POST_0046,user_112,2025-09-20 14:36:27,Beautiful sunset at the beach today. Nature is incredible.,27,82,bbc.com,0.41,False,beautiful sunset at the beach today. nature is incredible.,9,True,0.41,14,109,0,Saturday
POST_0191,user_126,2025-09-14 17:55:01,Finished my first marathon today! Feeling accomplished.,4,62,UNKNOWN,0.67,False,finished my first marathon today! feeling accomplished.,7,False,0.67,17,66,0,Sunday
POST_0184,user_022,2025-10-02 03:51:34,Amazing day volunteering at the local shelter.,38,28,UNKNOWN,0.36,False,amazing day volunteering at the local shelter.,7,False,0.36,3,66,0,Thursday
POST_0119,user_102,2025-09-08 23:20:14,Just planted some vegetables in my garden.,29,52,bloomberg.com,0.31,False,just planted some vegetables in my garden.,7,True,0.31,23,81,0,Monday
POST_0159,user_094,2025-09-20 00:10:33,Amazing day volunteering at the local shelter.,49,48,nytimes.com,0.73,False,amazing day volunteering at the local shelter.,7,True,0.73,0,97,0,Saturday
POST_0201,user_128,2025-10-07 11:20:25,Watching the stars tonight — feeling peaceful and blessed.,41,43,UNKNOWN,0.74,False,watching the stars tonight feeling peaceful and blessed.,8,False,0.74,11,84,0,Tuesday
POST_0115,user_036,2025-09-28 18:43:47,Just finished a coding project I’ve been working on for weeks!,41,10,UNKNOWN,0.45,False,just finished a coding project ive been working on for weeks!,11,False,0.45,18,51,0,Sunday
POST_0023,user_025,2025-09-30 04:08:34,Celebrating our anniversary today. Love you honey!,26,64,nytimes.com,0.64,False,celebrating our anniversary today. love you honey!,7,True,0.64,4,90,0,Tuesday
POST_0170,user_073,2025-09-10 20:03:35,Amazing day volunteering at the local shelter. #blessed #grateful,32,23,bbc.com,0.86,False,amazing day volunteering at the local shelter. blessed grateful,9,True,0.86,20,55,0,Wednesday
POST_0270,user_100,2025-09-30 08:07:31,THIS ONE WEIRD TRICK WILL SOLVE ALL YOUR PROBLEMS INSTANTLY!,873,343,beforetheydelete.com,-0.39,True,this one weird trick will solve all your problems instantly!,10,True,0.39,8,1216,0,Tuesday
POST_0246,user_060,2025-09-25 21:35:02,Beautiful sunset at the beach today. Nature is incredible.,49,12,UNKNOWN,0.89,False,beautiful sunset at the beach today. nature is incredible.,9,False,0.89,21,61,0,Thursday
POST_0169,user_036,2025-10-05 22:49:48,Family gathering this weekend was so much fun. #blessed #grateful,30,52,UNKNOWN,0.18,False,family gathering this weekend was so much fun. blessed grateful,10,False,0.18,22,82,0,Sunday
POST_0134,user_142,2025-10-01 21:13:35,New blog post is up! Sharing my travel experiences from Japan. #blessed #grateful,14,57,UNKNOWN,0.46,False,new blog post is up! sharing my travel experiences from japan. blessed grateful,13,False,0.46,21,71,0,Wednesday
POST_0121,user_017,2025-09-29 05:44:51,Watching the stars tonight — feeling peaceful and blessed.,19,88,UNKNOWN,0.21,False,watching the stars tonight feeling peaceful and blessed.,8,False,0.21,5,107,0,Monday
POST_0190,user_133,2025-09-21 07:53:23,Supporting local businesses is always a good idea.,49,38,national-geographic.com,0.9,False,supporting local businesses is always a good idea.,8,True,0.9,7,87,0,Sunday
POST_0054,user_148,2025-09-15 13:30:31,Congratulations to our team for winning the championship!,31,56,UNKNOWN,0.62,False,congratulations to our team for winning the championship!,8,False,0.62,13,87,0,Monday
POST_0042,user_106,2025-10-04 12:41:54,Great concert last night. The band was fantastic. #blessed #grateful,15,39,UNKNOWN,0.66,False,great concert last night. the band was fantastic. blessed grateful,10,False,0.66,12,54,0,Saturday
POST_0232,user_078,2025-09-27 14:22:07,Loving the new coffee shop downtown. Great atmosphere. #blessed #grateful,16,88,UNKNOWN,0.29,False,loving the new coffee shop downtown. great atmosphere. blessed grateful,10,False,0.29,14,104,0,Saturday
POST_0129,user_005,2025-09-13 22:49:15,Just adopted a cute puppy. Meet Max!,47,58,UNKNOWN,0.7,False,just adopted a cute puppy. meet max!,7,False,0.7,22,105,0,Saturday
POST_0187,user_041,2025-10-08 14:56:01,Just planted some vegetables in my garden.,38,91,nytimes.com,0.2,False,just planted some vegetables in my garden.,7,True,0.2,14,129,0,Wednesday
POST_0229,user_029,2025-09-18 20:32:36,Morning workout complete. Ready to start the day!,41,37,nytimes.com,0.69,False,morning workout complete. ready to start the day!,8,True,0.69,20,78,0,Thursday
POST_0089,user_146,2025-10-08 00:14:14,Finished my first marathon today! Feeling accomplished.,29,93,UNKNOWN,0.42,False,finished my first marathon today! feeling accomplished.,7,False,0.42,0,122,0,Wednesday
POST_0044,user_050,2025-09-21 01:04:02,Just adopted a cute puppy. Meet Max!,4,40,UNKNOWN,0.51,False,just adopted a cute puppy. meet max!,7,False,0.51,1,44,0,Sunday
POST_0248,user_106,2025-09-17 22:49:42,Weekend hike was breathtaking. Can’t wait to go back!,37,99,bloomberg.com,0.64,False,weekend hike was breathtaking. cant wait to go back!,9,True,0.64,22,136,0,Wednesday
POST_0124,user_072,2025-09-10 13:09:20,Celebrating our anniversary today. Love you honey! #blessed #grateful,28,61,un.org,0.39,False,celebrating our anniversary today. love you honey! blessed grateful,9,True,0.39,13,89,0,Wednesday
POST_0075,user_071,2025-09-25 15:19:19,Loving the new coffee shop downtown. Great atmosphere.,5,35,theguardian.com,0.54,False,loving the new coffee shop downtown. great atmosphere.,8,True,0.54,15,40,0,Thursday
POST_0074,user_098,2025-09-18 15:18:01,So grateful for the support of my friends and family.,20,28,UNKNOWN,0.38,False,so grateful for the support of my friends and family.,10,False,0.38,15,48,0,Thursday
POST_0062,user_125,2025-09-15 23:13:38,Watching the stars tonight — feeling peaceful and blessed. #blessed #grateful,1,54,UNKNOWN,0.64,False,watching the stars tonight feeling peaceful and blessed. blessed grateful,10,False,0.64,23,55,0,Monday
POST_0294,user_138,2025-09-14 02:06:19,YOU WON'T BELIEVE WHAT CELEBRITIES ARE SECRETLY DOING! CLICK NOW!,568,316,UNKNOWN,-0.3,True,you wont believe what celebrities are secretly doing! click now!,10,False,0.3,2,884,2,Sunday
POST_0021,user_019,2025-10-01 10:49:21,So grateful for the support of my friends and family.,4,9,bbc.com,0.51,False,so grateful for the support of my friends and family.,10,True,0.51,10,13,0,Wednesday
POST_0176,user_037,2025-09-18 03:46:46,So grateful for the support of my friends and family.,22,35,UNKNOWN,0.25,False,so grateful for the support of my friends and family.,10,False,0.25,3,57,0,Thursday
POST_0143,user_146,2025-09-27 17:42:10,Supporting local businesses is always a good idea.,9,25,nytimes.com,0.64,False,supporting local businesses is always a good idea.,8,True,0.64,17,34,0,Saturday
POST_0130,user_093,2025-09-25 08:52:35,Proud of my little sister for graduating with honors!,32,33,nytimes.com,0.68,False,proud of my little sister for graduating with honors!,9,True,0.68,8,65,0,Thursday
POST_0239,user_079,2025-10-01 15:11:23,Morning workout complete. Ready to start the day!,0,100,UNKNOWN,0.16,False,morning workout complete. ready to start the day!,8,False,0.16,15,100,0,Wednesday
POST_0207,user_127,2025-09-28 11:29:37,Beautiful sunset at the beach today. Nature is incredible.,18,73,UNKNOWN,0.19,False,beautiful sunset at the beach today. nature is incredible.,9,False,0.19,11,91,0,Sunday
POST_0152,user_061,2025-09-11 19:02:19,New blog post is up! Sharing my travel experiences from Japan. #blessed #grateful,11,82,UNKNOWN,0.71,False,new blog post is up! sharing my travel experiences from japan. blessed grateful,13,False,0.71,19,93,0,Thursday
POST_0063,user_120,2025-10-07 19:25:41,Movie night with friends. Perfect way to end the week. #blessed #grateful,1,55,UNKNOWN,0.63,False,movie night with friends. perfect way to end the week. blessed grateful,12,False,0.63,19,56,0,Tuesday
POST_0086,user_001,2025-09-22 05:30:45,Tried a new restaurant today and the food was incredible!,30,42,UNKNOWN,0.33,False,tried a new restaurant today and the food was incredible!,10,False,0.33,5,72,0,Monday
POST_0008,user_042,2025-09-23 03:04:06,Tried a new restaurant today and the food was incredible! #blessed #grateful,40,93,UNKNOWN,0.65,False,tried a new restaurant today and the food was incredible! blessed grateful,12,False,0.65,3,133,0,Tuesday
POST_0255,user_062,2025-09-26 01:35:25,Family gathering this weekend was so much fun.,24,64,UNKNOWN,0.39,False,family gathering this weekend was so much fun.,8,False,0.39,1,88,0,Friday
POST_0267,user_085,2025-09-26 18:43:40,THIS NATURAL CURE DESTROYS CANCER! BIG PHARMA DOESN'T WANT YOU TO KNOW!,143,435,UNKNOWN,-0.29,True,this natural cure destroys cancer! big pharma doesnt want you to know!,12,False,0.29,18,578,1,Friday
POST_0250,user_048,2025-10-03 08:16:22,Check out this recipe I tried today. It turned out delicious!,14,43,wikipedia.org,0.74,False,check out this recipe i tried today. it turned out delicious!,11,True,0.74,8,57,0,Friday
POST_0007,user_091,2025-09-15 12:03:51,Just planted some vegetables in my garden.,43,87,UNKNOWN,0.61,False,just planted some vegetables in my garden.,7,False,0.61,12,130,0,Monday
POST_0233,user_079,2025-09-14 03:29:39,Weekend hike was breathtaking. Can’t wait to go back!,45,44,bloomberg.com,0.83,False,weekend hike was breathtaking. cant wait to go back!,9,True,0.83,3,89,0,Sunday
POST_0051,user_083,2025-09-23 05:14:50,So grateful for the support of my friends and family.,13,70,UNKNOWN,0.82,False,so grateful for the support of my friends and family.,10,False,0.82,5,83,0,Tuesday
POST_0261,user_060,2025-09-11 12:55:07,BREAKING! Scientists discover cure for all diseases! Government hiding it from you!,323,717,fakenews-source.net,-0.47,True,breaking! scientists discover cure for all diseases! government hiding it from you!,12,True,0.47,12,1040,3,Thursday
POST_0066,user_018,2025-10-03 10:48:55,Just planted some vegetables in my garden.,1,36,UNKNOWN,0.12,False,just planted some vegetables in my garden.,7,False,0.12,10,37,0,Friday
POST_0067,user_122,2025-09-29 18:22:20,Check out this recipe I tried today. It turned out delicious!,29,94,UNKNOWN,0.4,False,check out this recipe i tried today. it turned out delicious!,11,False,0.4,18,123,0,Monday
POST_0027,user_016,2025-09-14 02:46:31,Family gathering this weekend was so much fun. #blessed #grateful,16,63,UNKNOWN,0.66,False,family gathering this weekend was so much fun. blessed grateful,10,False,0.66,2,79,0,Sunday
POST_0164,user_125,2025-09-14 21:54:16,Family gathering this weekend was so much fun.,4,42,bbc.com,0.51,False,family gathering this weekend was so much fun.,8,True,0.51,21,46,0,Sunday
POST_0004,user_087,2025-09-11 17:10:13,Family gathering this weekend was so much fun. #blessed #grateful,22,49,who.int,0.13,False,family gathering this weekend was so much fun. blessed grateful,10,True,0.13,17,71,0,Thursday
POST_0223,user_028,2025-09-28 14:23:22,Learning to play the guitar — progress feels great!,15,11,cnn.com,0.28,False,learning to play the guitar progress feels great!,8,True,0.28,14,26,0,Sunday
POST_0157,user_083,2025-09-28 06:18:16,So grateful for the support of my friends and family.,3,62,UNKNOWN,0.82,False,so grateful for the support of my friends and family.,10,False,0.82,6,65,0,Sunday
POST_0098,user_031,2025-09-28 19:18:06,Happy birthday to my best friend! Hope you have a wonderful day.,45,42,UNKNOWN,0.32,False,happy birthday to my best friend! hope you have a wonderful day.,12,False,0.32,19,87,0,Sunday
POST_0011,user_068,2025-10-02 09:14:04,Supporting local businesses is always a good idea.,37,56,UNKNOWN,0.9,False,supporting local businesses is always a good idea.,8,False,0.9,9,93,0,Thursday
POST_0036,user_073,2025-09-27 21:31:28,Tried a new restaurant today and the food was incredible!,13,92,scientificamerican.com,0.5,False,tried a new restaurant today and the food was incredible!,10,True,0.5,21,105,0,Saturday
POST_0167,user_115,2025-09-16 08:01:26,Just finished a coding project I’ve been working on for weeks! #blessed #grateful,50,65,national-geographic.com,0.39,False,just finished a coding project ive been working on for weeks! blessed grateful,13,True,0.39,8,115,0,Tuesday
POST_0131,user_118,2025-09-28 14:49:37,Weekend hike was breathtaking. Can’t wait to go back!,25,59,theguardian.com,0.67,False,weekend hike was breathtaking. cant wait to go back!,9,True,0.67,14,84,0,Sunday
POST_0120,user_096,2025-09-12 12:00:37,Movie night with friends. Perfect way to end the week. #blessed #grateful,1,84,cnn.com,0.36,False,movie night with friends. perfect way to end the week. blessed grateful,12,True,0.36,12,85,0,Friday
POST_0142,user_024,2025-10-02 06:59:31,New blog post is up! Sharing my travel experiences from Japan. #blessed #grateful,26,63,UNKNOWN,0.4,False,new blog post is up! sharing my travel experiences from japan. blessed grateful,13,False,0.4,6,89,0,Thursday
POST_0099,user_063,2025-09-23 07:55:31,Proud of my little sister for graduating with honors! #blessed #grateful,12,81,UNKNOWN,0.8,False,proud of my little sister for graduating with honors! blessed grateful,11,False,0.8,7,93,0,Tuesday
POST_0224,user_106,2025-09-19 13:16:13,Just adopted a cute puppy. Meet Max!,43,22,UNKNOWN,0.54,False,just adopted a cute puppy. meet max!,7,False,0.54,13,65,0,Friday
POST_0076,user_126,2025-09-22 14:51:25,Just adopted a cute puppy. Meet Max!,14,56,scientificamerican.com,0.63,False,just adopted a cute puppy. meet max!,7,True,0.63,14,70,0,Monday
POST_0242,user_090,2025-09-11 20:20:32,Tried a new restaurant today and the food was incredible!,33,21,national-geographic.com,0.77,False,tried a new restaurant today and the food was incredible!,10,True,0.77,20,54,0,Thursday
POST_0111,user_077,2025-09-29 04:30:23,Just planted some vegetables in my garden. #blessed #grateful,29,43,UNKNOWN,0.41,False,just planted some vegetables in my garden. blessed grateful,9,False,0.41,4,72,0,Monday
POST_0173,user_036,2025-10-03 13:16:35,Proud of my little sister for graduating with honors!,39,5,nytimes.com,0.3,False,proud of my little sister for graduating with honors!,9,True,0.3,13,44,0,Friday
POST_0175,user_118,2025-09-10 18:40:04,New blog post is up! Sharing my travel experiences from Japan. #blessed #grateful,31,81,UNKNOWN,0.61,False,new blog post is up! sharing my travel experiences from japan. blessed grateful,13,False,0.61,18,112,0,Wednesday
POST_0283,user_119,2025-10-09 12:59:35,BREAKING! SCIENTISTS DISCOVER CURE FOR ALL DISEASES! GOVERNMENT HIDING IT FROM YOU!,916,498,clickbait-central.com,-0.33,True,breaking! scientists discover cure for all diseases! government hiding it from you!,12,True,0.33,12,1414,3,Thursday
POST_0136,user_025,2025-10-02 14:09:58,Congratulations to our team for winning the championship!,8,76,UNKNOWN,0.87,False,congratulations to our team for winning the championship!,8,False,0.87,14,84,0,Thursday
POST_0189,user_036,2025-09-25 02:11:27,Just finished a coding project I’ve been working on for weeks!,41,40,UNKNOWN,0.19,False,just finished a coding project ive been working on for weeks!,11,False,0.19,2,81,0,Thursday
POST_0103,user_098,2025-09-21 12:36:59,Learning to play the guitar — progress feels great! #blessed #grateful,41,24,UNKNOWN,0.13,False,learning to play the guitar progress feels great! blessed grateful,10,False,0.13,12,65,0,Sunday
POST_0281,user_046,2025-10-09 03:06:25,Amazing discovery that pharmaceutical companies are hiding!,852,702,fakehealthtips.org,-0.73,True,amazing discovery that pharmaceutical companies are hiding!,7,True,0.73,3,1554,0,Thursday
POST_0140,user_007,2025-09-28 12:39:51,Weekend hike was breathtaking. Can’t wait to go back!,17,8,UNKNOWN,0.66,False,weekend hike was breathtaking. cant wait to go back!,9,False,0.66,12,25,0,Sunday
POST_0081,user_004,2025-09-27 00:16:37,Proud of my little sister for graduating with honors!,28,48,UNKNOWN,0.14,False,proud of my little sister for graduating with honors!,9,False,0.14,0,76,0,Saturday
POST_0028,user_143,2025-09-30 13:17:16,Supporting local businesses is always a good idea. #blessed #grateful,12,42,UNKNOWN,0.15,False,supporting local businesses is always a good idea. blessed grateful,10,False,0.15,13,54,0,Tuesday
POST_0155,user_019,2025-09-18 05:14:09,Beautiful sunset at the beach today. Nature is incredible.,3,52,bbc.com,0.62,False,beautiful sunset at the beach today. nature is incredible.,9,True,0.62,5,55,0,Thursday
POST_0274,user_040,2025-10-02 03:06:30,BREAKING NEWS: Celebrity died! (actually fake) Share now!,209,293,UNKNOWN,-0.68,True,breaking news celebrity died! actually fake share now!,8,False,0.68,3,502,1,Thursday
POST_0057,user_141,2025-09-22 20:34:02,Celebrating our anniversary today. Love you honey! #blessed #grateful,30,62,UNKNOWN,0.3,False,celebrating our anniversary today. love you honey! blessed grateful,9,False,0.3,20,92,0,Monday
POST_0289,user_007,2025-09-23 18:04:33,NASA admits the moon landing was faked all along!,187,318,beforetheydelete.com,-0.8,True,nasa admits the moon landing was faked all along!,9,True,0.8,18,505,0,Tuesday
POST_0245,user_018,2025-09-12 09:48:35,Just finished reading an amazing book! Highly recommend it.,38,91,nytimes.com,0.3,False,just finished reading an amazing book! highly recommend it.,9,True,0.3,9,129,0,Friday
POST_0206,user_079,2025-09-23 14:51:32,Amazing day volunteering at the local shelter.,32,63,national-geographic.com,0.57,False,amazing day volunteering at the local shelter.,7,True,0.57,14,95,0,Tuesday
POST_0002,user_024,2025-09-14 22:18:45,Celebrating our anniversary today. Love you honey!,1,76,UNKNOWN,0.62,False,celebrating our anniversary today. love you honey!,7,False,0.62,22,77,0,Sunday
POST_0181,user_052,2025-10-06 16:07:06,Family gathering this weekend was so much fun.,19,70,UNKNOWN,0.75,False,family gathering this weekend was so much fun.,8,False,0.75,16,89,0,Monday
POST_0068,user_030,2025-10-02 20:05:13,Watching the stars tonight — feeling peaceful and blessed.,37,8,forbes.com,0.64,False,watching the stars tonight feeling peaceful and blessed.,8,True,0.64,20,45,0,Thursday
POST_0009,user_059,2025-10-04 16:37:27,Just finished a coding project I’ve been working on for weeks! #blessed #grateful,25,39,UNKNOWN,0.83,False,just finished a coding project ive been working on for weeks! blessed grateful,13,False,0.83,16,64,0,Saturday
POST_0128,user_139,2025-09-16 19:53:49,Check out this recipe I tried today. It turned out delicious! #blessed #grateful,1,21,UNKNOWN,0.73,False,check out this recipe i tried today. it turned out delicious! blessed grateful,13,False,0.73,19,22,0,Tuesday
POST_0237,user_138,2025-09-12 20:07:01,Amazing day volunteering at the local shelter.,33,61,UNKNOWN,0.26,False,amazing day volunteering at the local shelter.,7,False,0.26,20,94,0,Friday
POST_0182,user_049,2025-09-18 02:41:56,Proud of my little sister for graduating with honors!,3,88,UNKNOWN,0.2,False,proud of my little sister for graduating with honors!,9,False,0.2,2,91,0,Thursday
POST_0227,user_102,2025-10-04 05:58:06,Beautiful sunset at the beach today. Nature is incredible. #blessed #grateful,47,42,nytimes.com,0.34,False,beautiful sunset at the beach today. nature is incredible. blessed grateful,11,True,0.34,5,89,0,Saturday
POST_0217,user_016,2025-09-30 19:19:20,Watching the stars tonight — feeling peaceful and blessed. #blessed #grateful,35,46,theguardian.com,0.52,False,watching the stars tonight feeling peaceful and blessed. blessed grateful,10,True,0.52,19,81,0,Tuesday
POST_0105,user_040,2025-09-11 06:36:23,Supporting local businesses is always a good idea.,21,84,bloomberg.com,0.16,False,supporting local businesses is always a good idea.,8,True,0.16,6,105,0,Thursday
POST_0100,user_107,2025-09-19 07:03:59,Congratulations to our team for winning the championship!,0,41,un.org,0.57,False,congratulations to our team for winning the championship!,8,True,0.57,7,41,0,Friday
POST_0049,user_105,2025-09-19 03:30:25,Finished my first marathon today! Feeling accomplished.,35,21,UNKNOWN,0.63,False,finished my first marathon today! feeling accomplished.,7,False,0.63,3,56,0,Friday
POST_0018,user_137,2025-10-02 18:54:49,Congratulations to our team for winning the championship! #blessed #grateful,30,75,UNKNOWN,0.52,False,congratulations to our team for winning the championship! blessed grateful,10,False,0.52,18,105,0,Thursday
POST_0039,user_140,2025-09-10 02:23:42,Learning to play the guitar — progress feels great! #blessed #grateful,9,60,UNKNOWN,0.35,False,learning to play the guitar progress feels great! blessed grateful,10,False,0.35,2,69,0,Wednesday
POST_0165,user_135,2025-09-10 12:08:03,Tried a new restaurant today and the food was incredible! #blessed #grateful,49,84,UNKNOWN,0.4,False,tried a new restaurant today and the food was incredible! blessed grateful,12,False,0.4,12,133,0,Wednesday
POST_0048,user_018,2025-10-09 12:44:28,Family gathering this weekend was so much fun.,39,45,bbc.com,0.68,False,family gathering this weekend was so much fun.,8,True,0.68,12,84,0,Thursday
POST_0158,user_022,2025-09-25 10:57:09,Great concert last night. The band was fantastic. #blessed #grateful,15,95,UNKNOWN,0.45,False,great concert last night. the band was fantastic. blessed grateful,10,False,0.45,10,110,0,Thursday
POST_0271,user_089,2025-09-09 18:13:21,NASA ADMITS THE MOON LANDING WAS FAKED ALL ALONG!,958,277,fakehealthtips.org,-0.47,True,nasa admits the moon landing was faked all along!,9,True,0.47,18,1235,0,Tuesday
POST_0258,user_098,2025-09-26 22:17:42,Amazing discovery that pharmaceutical companies are hiding!,770,545,UNKNOWN,-0.32,True,amazing discovery that pharmaceutical companies are hiding!,7,False,0.32,22,1315,0,Friday
POST_0210,user_087,2025-09-26 02:34:16,Happy birthday to my best friend! Hope you have a wonderful day.,12,82,UNKNOWN,0.5,False,happy birthday to my best friend! hope you have a wonderful day.,12,False,0.5,2,94,0,Friday
POST_0094,user_117,2025-09-11 01:02:27,Just finished a coding project I’ve been working on for weeks!,7,56,un.org,0.89,False,just finished a coding project ive been working on for weeks!,11,True,0.89,1,63,0,Thursday
POST_0172,user_008,2025-09-18 18:39:52,Congratulations to our team for winning the championship!,41,47,wikipedia.org,0.13,False,congratulations to our team for winning the championship!,8,True,0.13,18,88,0,Thursday
POST_0050,user_045,2025-09-28 09:05:32,Movie night with friends. Perfect way to end the week.,35,5,UNKNOWN,0.27,False,movie night with friends. perfect way to end the week.,10,False,0.27,9,40,0,Sunday
POST_0030,user_018,2025-09-27 17:30:02,Congratulations to our team for winning the championship! #blessed #grateful,15,56,UNKNOWN,0.81,False,congratulations to our team for winning the championship! blessed grateful,10,False,0.81,17,71,0,Saturday
POST_0019,user_055,2025-10-08 08:34:53,Watching the stars tonight — feeling peaceful and blessed.,44,30,nature.com,0.9,False,watching the stars tonight feeling peaceful and blessed.,8,True,0.9,8,74,0,Wednesday
POST_0208,user_094,2025-10-03 03:09:09,Check out this recipe I tried today. It turned out delicious! #blessed #grateful,25,11,UNKNOWN,0.26,False,check out this recipe i tried today. it turned out delicious! blessed grateful,13,False,0.26,3,36,0,Friday
POST_0139,user_095,2025-09-11 23:22:21,Just planted some vegetables in my garden. #blessed #grateful,27,76,un.org,0.6,False,just planted some vegetables in my garden. blessed grateful,9,True,0.6,23,103,0,Thursday
POST_0109,user_047,2025-09-13 19:51:46,Amazing day volunteering at the local shelter.,24,84,theguardian.com,0.83,False,amazing day volunteering at the local shelter.,7,True,0.83,19,108,0,Saturday
POST_0263,user_074,2025-09-09 07:38:51,BREAKING NEWS: CELEBRITY DIED! (ACTUALLY FAKE) SHARE NOW!,790,640,worldalert24.net,-0.77,True,breaking news celebrity died! actually fake share now!,8,True,0.77,7,1430,1,Tuesday
POST_0285,user_123,2025-09-27 03:20:39,URGENT WARNING! SOMETHING TERRIBLE HAPPENING RIGHT NOW!,990,628,fakehealthtips.org,-0.22,True,urgent warning! something terrible happening right now!,7,True,0.22,3,1618,1,Saturday
POST_0300,user_114,2025-09-23 19:51:43,THIS NATURAL CURE DESTROYS CANCER! BIG PHARMA DOESN'T WANT YOU TO KNOW!,131,425,UNKNOWN,-0.71,True,this natural cure destroys cancer! big pharma doesnt want you to know!,12,False,0.71,19,556,1,Tuesday
POST_0003,user_115,2025-09-26 23:38:02,Tried a new restaurant today and the food was incredible!,0,25,reuters.com,0.32,False,tried a new restaurant today and the food was incredible!,10,True,0.32,23,25,0,Friday
POST_0114,user_059,2025-09-28 02:00:47,Finished my first marathon today! Feeling accomplished. #blessed #grateful,12,84,UNKNOWN,0.7,False,finished my first marathon today! feeling accomplished. blessed grateful,9,False,0.7,2,96,0,Sunday
POST_0133,user_136,2025-09-18 05:18:45,Great concert last night. The band was fantastic.,27,17,bbc.com,0.78,False,great concert last night. the band was fantastic.,8,True,0.78,5,44,0,Thursday
POST_0292,user_085,2025-09-26 04:15:21,BANNED BY MAINSTREAM MEDIA! THE TRUTH THEY DON'T WANT YOU TO SEE!,916,614,conspiracy-truth.org,-0.45,True,banned by mainstream media! the truth they dont want you to see!,12,True,0.45,4,1530,1,Friday
POST_0160,user_085,2025-09-12 08:29:31,New blog post is up! Sharing my travel experiences from Japan.,18,37,bloomberg.com,0.87,False,new blog post is up! sharing my travel experiences from japan.,11,True,0.87,8,55,0,Friday
POST_0215,user_135,2025-09-29 14:25:56,So grateful for the support of my friends and family.,24,23,national-geographic.com,0.13,False,so grateful for the support of my friends and family.,10,True,0.13,14,47,0,Monday
POST_0123,user_139,2025-09-22 09:33:53,Supporting local businesses is always a good idea.,9,58,un.org,0.49,False,supporting local businesses is always a good idea.,8,True,0.49,9,67,0,Monday
POST_0185,user_076,2025-09-18 05:24:52,Congratulations to our team for winning the championship!,27,26,reuters.com,0.46,False,congratulations to our team for winning the championship!,8,True,0.46,5,53,0,Thursday
POST_0194,user_147,2025-09-20 05:37:42,Just finished reading an amazing book! Highly recommend it.,8,83,bbc.com,0.35,False,just finished reading an amazing book! highly recommend it.,9,True,0.35,5,91,0,Saturday
POST_0249,user_089,2025-10-09 11:28:31,Tried a new restaurant today and the food was incredible!,50,72,UNKNOWN,0.43,False,tried a new restaurant today and the food was incredible!,10,False,0.43,11,122,0,Thursday
POST_0156,user_130,2025-09-21 05:23:42,Congratulations to our team for winning the championship!,50,99,theguardian.com,0.83,False,congratulations to our team for winning the championship!,8,True,0.83,5,149,0,Sunday
POST_0221,user_102,2025-10-05 02:35:58,Weekend hike was breathtaking. Can’t wait to go back!,9,42,UNKNOWN,0.86,False,weekend hike was breathtaking. cant wait to go back!,9,False,0.86,2,51,0,Sunday
POST_0060,user_107,2025-09-09 21:39:33,Great concert last night. The band was fantastic.,24,79,nytimes.com,0.79,False,great concert last night. the band was fantastic.,8,True,0.79,21,103,0,Tuesday
POST_0079,user_135,2025-09-27 23:53:00,Proud of my little sister for graduating with honors!,12,42,UNKNOWN,0.24,False,proud of my little sister for graduating with honors!,9,False,0.24,23,54,0,Saturday
POST_0196,user_089,2025-09-13 08:26:44,Morning workout complete. Ready to start the day!,11,21,UNKNOWN,0.83,False,morning workout complete. ready to start the day!,8,False,0.83,8,32,0,Saturday
POST_0014,user_088,2025-09-12 00:13:17,Tried a new restaurant today and the food was incredible! #blessed #grateful,29,5,time.com,0.68,False,tried a new restaurant today and the food was incredible! blessed grateful,12,True,0.68,0,34,0,Friday
POST_0043,user_121,2025-09-15 21:39:05,Movie night with friends. Perfect way to end the week. #blessed #grateful,29,49,UNKNOWN,0.74,False,movie night with friends. perfect way to end the week. blessed grateful,12,False,0.74,21,78,0,Monday
POST_0096,user_141,2025-09-13 00:15:03,Beautiful sunset at the beach today. Nature is incredible.,44,67,UNKNOWN,0.88,False,beautiful sunset at the beach today. nature is incredible.,9,False,0.88,0,111,0,Saturday
POST_0286,user_138,2025-09-28 11:44:12,ALIENS HAVE BEEN LIVING AMONG US SINCE 1947 — SCIENTISTS CONFIRM!,211,454,banned-truth.info,-0.78,True,aliens have been living among us since 1947 scientists confirm!,10,True,0.78,11,665,0,Sunday
POST_0065,user_098,2025-09-17 04:03:00,Great concert last night. The band was fantastic. #blessed #grateful,5,65,UNKNOWN,0.53,False,great concert last night. the band was fantastic. blessed grateful,10,False,0.53,4,70,0,Wednesday
POST_0093,user_027,2025-10-05 20:07:33,Celebrating our anniversary today. Love you honey!,44,68,UNKNOWN,0.86,False,celebrating our anniversary today. love you honey!,7,False,0.86,20,112,0,Sunday
POST_0212,user_101,2025-09-28 14:39:26,Watching the stars tonight — feeling peaceful and blessed.,37,48,UNKNOWN,0.51,False,watching the stars tonight feeling peaceful and blessed.,8,False,0.51,14,85,0,Sunday
POST_0241,user_108,2025-09-20 03:15:02,Just finished a coding project I’ve been working on for weeks!,24,53,UNKNOWN,0.87,False,just finished a coding project ive been working on for weeks!,11,False,0.87,3,77,0,Saturday
POST_0259,user_126,2025-09-22 20:32:57,SCIENTISTS ADMIT THE EARTH IS ACTUALLY FLAT!,460,373,UNKNOWN,-0.52,True,scientists admit the earth is actually flat!,7,False,0.52,20,833,0,Monday
POST_0078,user_050,2025-09-18 18:33:41,Just adopted a cute puppy. Meet Max!,48,93,UNKNOWN,0.27,False,just adopted a cute puppy. meet max!,7,False,0.27,18,141,0,Thursday
POST_0177,user_093,2025-09-11 07:20:39,Weekend hike was breathtaking. Can’t wait to go back!,50,69,UNKNOWN,0.41,False,weekend hike was breathtaking. cant wait to go back!,9,False,0.41,7,119,0,Thursday
POST_0052,user_022,2025-09-18 07:28:47,Supporting local businesses is always a good idea.,39,47,UNKNOWN,0.86,False,supporting local businesses is always a good idea.,8,False,0.86,7,86,0,Thursday
POST_0186,user_091,2025-09-28 04:03:47,Supporting local businesses is always a good idea. #blessed #grateful,50,12,UNKNOWN,0.61,False,supporting local businesses is always a good idea. blessed grateful,10,False,0.61,4,62,0,Sunday
POST_0200,user_008,2025-09-10 16:27:56,Beautiful sunset at the beach today. Nature is incredible. #blessed #grateful,36,38,who.int,0.56,False,beautiful sunset at the beach today. nature is incredible. blessed grateful,11,True,0.56,16,74,0,Wednesday
POST_0230,user_050,2025-09-14 10:40:47,Finished my first marathon today! Feeling accomplished.,25,59,UNKNOWN,0.17,False,finished my first marathon today! feeling accomplished.,7,False,0.17,10,84,0,Sunday
POST_0113,user_145,2025-10-06 12:35:54,Movie night with friends. Perfect way to end the week.,3,82,un.org,0.82,False,movie night with friends. perfect way to end the week.,10,True,0.82,12,85,0,Monday
POST_0041,user_061,2025-10-05 20:37:58,Supporting local businesses is always a good idea.,11,57,UNKNOWN,0.69,False,supporting local businesses is always a good idea.,8,False,0.69,20,68,0,Sunday
POST_0032,user_081,2025-09-15 23:11:15,Family gathering this weekend was so much fun.,42,87,UNKNOWN,0.35,False,family gathering this weekend was so much fun.,8,False,0.35,23,129,0,Monday
POST_0005,user_097,2025-09-11 08:05:00,Morning workout complete. Ready to start the day!,40,84,reuters.com,0.56,False,morning workout complete. ready to start the day!,8,True,0.56,8,124,0,Thursday
POST_0228,user_086,2025-09-18 05:27:41,Watching the stars tonight — feeling peaceful and blessed.,33,68,wikipedia.org,0.78,False,watching the stars tonight feeling peaceful and blessed.,8,True,0.78,5,101,0,Thursday
POST_0219,user_124,2025-09-14 22:03:42,Learning to play the guitar — progress feels great!,19,33,scientificamerican.com,0.72,False,learning to play the guitar progress feels great!,8,True,0.72,22,52,0,Sunday
POST_0026,user_139,2025-10-04 14:52:06,Beautiful sunset at the beach today. Nature is incredible.,48,35,UNKNOWN,0.49,False,beautiful sunset at the beach today. nature is incredible.,9,False,0.49,14,83,0,Saturday
POST_0012,user_024,2025-10-02 16:41:14,Check out this recipe I tried today. It turned out delicious!,9,85,UNKNOWN,0.64,False,check out this recipe i tried today. it turned out delicious!,11,False,0.64,16,94,0,Thursday
POST_0013,user_098,2025-09-28 05:19:23,Watching the stars tonight — feeling peaceful and blessed.,35,6,bbc.com,0.65,False,watching the stars tonight feeling peaceful and blessed.,8,True,0.65,5,41,0,Sunday
POST_0088,user_140,2025-09-16 10:56:05,Family gathering this weekend was so much fun.,17,23,UNKNOWN,0.23,False,family gathering this weekend was so much fun.,8,False,0.23,10,40,0,Tuesday
POST_0203,user_082,2025-10-02 02:11:15,Watching the stars tonight — feeling peaceful and blessed.,48,52,UNKNOWN,0.18,False,watching the stars tonight feeling peaceful and blessed.,8,False,0.18,2,100,0,Thursday
POST_0145,user_125,2025-09-25 12:05:09,Happy birthday to my best friend! Hope you have a wonderful day.,14,55,nytimes.com,0.11,False,happy birthday to my best friend! hope you have a wonderful day.,12,True,0.11,12,69,0,Thursday
POST_0297,user_037,2025-09-25 03:12:45,BANNED by mainstream media! The truth they don't want you to see!,241,788,conspiracy-truth.org,-0.56,True,banned by mainstream media! the truth they dont want you to see!,12,True,0.56,3,1029,1,Thursday
POST_0243,user_077,2025-09-23 12:32:41,Just finished a coding project I’ve been working on for weeks!,27,73,UNKNOWN,0.28,False,just finished a coding project ive been working on for weeks!,11,False,0.28,12,100,0,Tuesday
POST_0141,user_090,2025-09-08 20:41:16,Finished my first marathon today! Feeling accomplished. #blessed #grateful,36,89,UNKNOWN,0.21,False,finished my first marathon today! feeling accomplished. blessed grateful,9,False,0.21,20,125,0,Monday
POST_0260,user_139,2025-09-28 16:19:09,BANNED BY MAINSTREAM MEDIA! THE TRUTH THEY DON'T WANT YOU TO SEE!,959,276,the-real-insider.net,-0.87,True,banned by mainstream media! the truth they dont want you to see!,12,True,0.87,16,1235,1,Sunday
POST_0073,user_069,2025-09-18 22:40:06,Morning workout complete. Ready to start the day!,5,40,national-geographic.com,0.7,False,morning workout complete. ready to start the day!,8,True,0.7,22,45,0,Thursday
POST_0252,user_024,2025-09-26 14:39:19,Morning workout complete. Ready to start the day! #blessed #grateful,3,39,UNKNOWN,0.58,False,morning workout complete. ready to start the day! blessed grateful,10,False,0.58,14,42,0,Friday
POST_0295,user_081,2025-09-28 03:25:32,NASA ADMITS THE MOON LANDING WAS FAKED ALL ALONG!,701,316,deepstateupdate.info,-0.58,True,nasa admits the moon landing was faked all along!,9,True,0.58,3,1017,0,Sunday
POST_0284,user_036,2025-09-29 00:01:23,THIS NATURAL CURE DESTROYS CANCER! BIG PHARMA DOESN'T WANT YOU TO KNOW!,774,357,fakehealthtips.org,-0.64,True,this natural cure destroys cancer! big pharma doesnt want you to know!,12,True,0.64,0,1131,1,Monday
POST_0055,user_028,2025-10-03 04:00:18,Just finished reading an amazing book! Highly recommend it. #blessed #grateful,44,71,UNKNOWN,0.55,False,just finished reading an amazing book! highly recommend it. blessed grateful,11,False,0.55,4,115,0,Friday
POST_0110,user_066,2025-09-22 23:28:07,Check out this recipe I tried today. It turned out delicious!,29,41,wikipedia.org,0.16,False,check out this recipe i tried today. it turned out delicious!,11,True,0.16,23,70,0,Monday
POST_0056,user_119,2025-09-30 07:21:45,Happy birthday to my best friend! Hope you have a wonderful day.,20,61,nasa.gov,0.81,False,happy birthday to my best friend! hope you have a wonderful day.,12,True,0.81,7,81,0,Tuesday
POST_0102,user_062,2025-09-27 03:01:01,Great concert last night. The band was fantastic. #blessed #grateful,49,57,UNKNOWN,0.7,False,great concert last night. the band was fantastic. blessed grateful,10,False,0.7,3,106,0,Saturday
POST_0256,user_128,2025-09-22 18:37:53,BREAKING NEWS: Celebrity died! (actually fake) Share now!,580,527,banned-truth.info,-0.68,True,breaking news celebrity died! actually fake share now!,8,True,0.68,18,1107,1,Monday
POST_0287,user_103,2025-10-09 01:36:34,Hidden message found in the new company logo — proof of global control!,208,210,UNKNOWN,-0.74,True,hidden message found in the new company logo proof of global control!,12,False,0.74,1,418,1,Thursday
POST_0092,user_114,2025-10-07 22:57:44,Proud of my little sister for graduating with honors!,27,86,bbc.com,0.48,False,proud of my little sister for graduating with honors!,9,True,0.48,22,113,0,Tuesday
POST_0275,user_027,2025-09-12 16:57:34,MIRACLE WEIGHT LOSS SECRET BANNED IN 5 COUNTRIES!,559,770,secret-revelations.org,-0.83,True,miracle weight loss secret banned in 5 countries!,8,True,0.83,16,1329,3,Friday
POST_0171,user_090,2025-10-07 15:12:10,Just adopted a cute puppy. Meet Max! #blessed #grateful,25,69,UNKNOWN,0.41,False,just adopted a cute puppy. meet max! blessed grateful,9,False,0.41,15,94,0,Tuesday
POST_0214,user_007,2025-09-28 06:02:48,Supporting local businesses is always a good idea. #blessed #grateful,50,79,UNKNOWN,0.68,False,supporting local businesses is always a good idea. blessed grateful,10,False,0.68,6,129,0,Sunday
POST_0118,user_037,2025-10-02 22:41:50,Morning workout complete. Ready to start the day! #blessed #grateful,46,91,un.org,0.74,False,morning workout complete. ready to start the day! blessed grateful,10,True,0.74,22,137,0,Thursday
POST_0198,user_021,2025-09-16 21:26:42,Amazing day volunteering at the local shelter. #blessed #grateful,17,21,forbes.com,0.53,False,amazing day volunteering at the local shelter. blessed grateful,9,True,0.53,21,38,0,Tuesday
POST_0211,user_086,2025-10-04 06:19:36,Beautiful sunset at the beach today. Nature is incredible.,9,82,wikipedia.org,0.36,False,beautiful sunset at the beach today. nature is incredible.,9,True,0.36,6,91,0,Saturday
POST_0288,user_149,2025-10-01 09:00:35,SCIENTISTS ADMIT THE EARTH IS ACTUALLY FLAT!,483,600,the-real-insider.net,-0.49,True,scientists admit the earth is actually flat!,7,True,0.49,9,1083,0,Wednesday
POST_0199,user_149,2025-09-12 20:28:46,Amazing day volunteering at the local shelter.,46,82,UNKNOWN,0.84,False,amazing day volunteering at the local shelter.,7,False,0.84,20,128,0,Friday
POST_0001,user_071,2025-09-15 21:54:54,New blog post is up! Sharing my travel experiences from Japan.,6,91,cnn.com,0.17,False,new blog post is up! sharing my travel experiences from japan.,11,True,0.17,21,97,0,Monday
POST_0257,user_057,2025-10-01 18:47:23,SHOCKING TRUTH ABOUT VACCINES THAT DOCTORS DON'T WANT YOU TO KNOW!,666,798,secret-revelations.org,-0.69,True,shocking truth about vaccines that doctors dont want you to know!,11,True,0.69,18,1464,1,Wednesday
POST_0084,user_116,2025-10-08 05:06:02,Just finished a coding project I’ve been working on for weeks!,37,59,UNKNOWN,0.6,False,just finished a coding project ive been working on for weeks!,11,False,0.6,5,96,0,Wednesday
POST_0125,user_092,2025-09-10 03:03:19,Weekend hike was breathtaking. Can’t wait to go back!,7,63,UNKNOWN,0.27,False,weekend hike was breathtaking. cant wait to go back!,9,False,0.27,3,70,0,Wednesday
POST_0117,user_070,2025-10-04 20:03:05,Just planted some vegetables in my garden.,30,42,reuters.com,0.74,False,just planted some vegetables in my garden.,7,True,0.74,20,72,0,Saturday
POST_0095,user_119,2025-09-21 15:58:40,Weekend hike was breathtaking. Can’t wait to go back! #blessed #grateful,23,84,bloomberg.com,0.45,False,weekend hike was breathtaking. cant wait to go back! blessed grateful,11,True,0.45,15,107,0,Sunday
POST_0178,user_100,2025-09-19 23:33:08,Proud of my little sister for graduating with honors!,22,13,UNKNOWN,0.69,False,proud of my little sister for graduating with honors!,9,False,0.69,23,35,0,Friday
POST_0266,user_098,2025-09-21 08:16:10,SHOCKING truth about vaccines that doctors don't want you to know!,752,209,clickbait-central.com,-0.55,True,shocking truth about vaccines that doctors dont want you to know!,11,True,0.55,8,961,1,Sunday
POST_0192,user_082,2025-09-30 02:31:11,Congratulations to our team for winning the championship! #blessed #grateful,35,74,UNKNOWN,0.34,False,congratulations to our team for winning the championship! blessed grateful,10,False,0.34,2,109,0,Tuesday
POST_0253,user_049,2025-10-04 09:32:49,Beautiful sunset at the beach today. Nature is incredible. #blessed #grateful,35,32,UNKNOWN,0.8,False,beautiful sunset at the beach today. nature is incredible. blessed grateful,11,False,0.8,9,67,0,Saturday
POST_0104,user_085,2025-10-05 18:42:01,Amazing day volunteering at the local shelter. #blessed #grateful,28,17,UNKNOWN,0.47,False,amazing day volunteering at the local shelter. blessed grateful,9,False,0.47,18,45,0,Sunday
POST_0024,user_104,2025-10-02 01:38:02,New blog post is up! Sharing my travel experiences from Japan.,6,36,UNKNOWN,0.53,False,new blog post is up! sharing my travel experiences from japan.,11,False,0.53,1,42,0,Thursday
POST_0197,user_133,2025-09-12 23:56:17,Beautiful sunset at the beach today. Nature is incredible. #blessed #grateful,20,95,UNKNOWN,0.86,False,beautiful sunset at the beach today. nature is incredible. blessed grateful,11,False,0.86,23,115,0,Friday
POST_0204,user_069,2025-09-22 21:55:13,Just adopted a cute puppy. Meet Max!,3,42,un.org,0.59,False,just adopted a cute puppy. meet max!,7,True,0.59,21,45,0,Monday
POST_0163,user_135,2025-09-11 11:28:34,Supporting local businesses is always a good idea. #blessed #grateful,32,51,UNKNOWN,0.35,False,supporting local businesses is always a good idea. blessed grateful,10,False,0.35,11,83,0,Thursday
POST_0020,user_133,2025-09-22 18:01:21,New blog post is up! Sharing my travel experiences from Japan.,4,48,UNKNOWN,0.54,False,new blog post is up! sharing my travel experiences from japan.,11,False,0.54,18,52,0,Monday
POST_0116,user_034,2025-09-11 00:06:54,So grateful for the support of my friends and family.,26,27,UNKNOWN,0.73,False,so grateful for the support of my friends and family.,10,False,0.73,0,53,0,Thursday
POST_0097,user_041,2025-09-18 07:46:42,Watching the stars tonight — feeling peaceful and blessed. #blessed #grateful,26,16,UNKNOWN,0.77,False,watching the stars tonight feeling peaceful and blessed. blessed grateful,10,False,0.77,7,42,0,Thursday
POST_0107,user_074,2025-09-16 13:51:34,Just adopted a cute puppy. Meet Max!,6,86,bbc.com,0.45,False,just adopted a cute puppy. meet max!,7,True,0.45,13,92,0,Tuesday
POST_0161,user_086,2025-09-11 09:28:16,Watching the stars tonight — feeling peaceful and blessed. #blessed #grateful,22,44,nasa.gov,0.63,False,watching the stars tonight feeling peaceful and blessed. blessed grateful,10,True,0.63,9,66,0,Thursday
POST_0069,user_051,2025-09-11 09:31:00,Movie night with friends. Perfect way to end the week.,40,36,UNKNOWN,0.72,False,movie night with friends. perfect way to end the week.,10,False,0.72,9,76,0,Thursday
POST_0162,user_022,2025-09-18 08:10:48,Check out this recipe I tried today. It turned out delicious!,50,47,bloomberg.com,0.66,False,check out this recipe i tried today. it turned out delicious!,11,True,0.66,8,97,0,Thursday
POST_0299,user_125,2025-09-12 21:38:31,MIRACLE WEIGHT LOSS SECRET BANNED IN 5 COUNTRIES!,675,717,secret-revelations.org,-0.42,True,miracle weight loss secret banned in 5 countries!,8,True,0.42,21,1392,3,Friday
POST_0037,user_014,2025-09-11 11:14:00,Loving the new coffee shop downtown. Great atmosphere. #blessed #grateful,17,10,UNKNOWN,0.72,False,loving the new coffee shop downtown. great atmosphere. blessed grateful,10,False,0.72,11,27,0,Thursday
POST_0126,user_006,2025-09-10 01:01:15,New blog post is up! Sharing my travel experiences from Japan.,50,77,UNKNOWN,0.76,False,new blog post is up! sharing my travel experiences from japan.,11,False,0.76,1,127,0,Wednesday
POST_0101,user_039,2025-09-23 08:16:29,Weekend hike was breathtaking. Can’t wait to go back!,21,75,nature.com,0.46,False,weekend hike was breathtaking. cant wait to go back!,9,True,0.46,8,96,0,Tuesday
POST_0251,user_107,2025-09-26 06:54:31,Beautiful sunset at the beach today. Nature is incredible.,15,37,UNKNOWN,0.62,False,beautiful sunset at the beach today. nature is incredible.,9,False,0.62,6,52,0,Friday
POST_0216,user_005,2025-09-23 01:12:16,Learning to play the guitar — progress feels great!,26,93,UNKNOWN,0.5,False,learning to play the guitar progress feels great!,8,False,0.5,1,119,0,Tuesday
POST_0195,user_135,2025-09-22 04:38:43,Learning to play the guitar — progress feels great! #blessed #grateful,4,21,bloomberg.com,0.16,False,learning to play the guitar progress feels great! blessed grateful,10,True,0.16,4,25,0,Monday
POST_0234,user_057,2025-09-15 19:16:16,Finished my first marathon today! Feeling accomplished.,29,100,reuters.com,0.43,False,finished my first marathon today! feeling accomplished.,7,True,0.43,19,129,0,Monday
POST_0213,user_077,2025-09-23 15:09:28,Proud of my little sister for graduating with honors! #blessed #grateful,43,19,forbes.com,0.35,False,proud of my little sister for graduating with honors! blessed grateful,11,True,0.35,15,62,0,Tuesday
POST_0083,user_022,2025-09-15 18:21:55,So grateful for the support of my friends and family. #blessed #grateful,26,82,UNKNOWN,0.59,False,so grateful for the support of my friends and family. blessed grateful,12,False,0.59,18,108,0,Monday
POST_0183,user_103,2025-10-02 05:43:31,Just planted some vegetables in my garden.,21,28,UNKNOWN,0.5,False,just planted some vegetables in my garden.,7,False,0.5,5,49,0,Thursday
POST_0038,user_042,2025-10-02 05:21:52,New blog post is up! Sharing my travel experiences from Japan. #blessed #grateful,27,76,UNKNOWN,0.16,False,new blog post is up! sharing my travel experiences from japan. blessed grateful,13,False,0.16,5,103,0,Thursday
POST_0064,user_035,2025-10-06 04:57:10,Congratulations to our team for winning the championship!,16,53,UNKNOWN,0.46,False,congratulations to our team for winning the championship!,8,False,0.46,4,69,0,Monday
POST_0034,user_063,2025-09-19 23:56:35,Just planted some vegetables in my garden. #blessed #grateful,34,95,UNKNOWN,0.89,False,just planted some vegetables in my garden. blessed grateful,9,False,0.89,23,129,0,Friday
POST_0240,user_017,2025-09-25 16:46:04,Celebrating our anniversary today. Love you honey!,4,65,UNKNOWN,0.43,False,celebrating our anniversary today. love you honey!,7,False,0.43,16,69,0,Thursday
POST_0293,user_051,2025-09-23 09:13:31,This natural cure DESTROYS cancer! Big pharma doesn't want you to know!,104,419,UNKNOWN,-0.37,True,this natural cure destroys cancer! big pharma doesnt want you to know!,12,False,0.37,9,523,1,Tuesday
POST_0033,user_003,2025-09-23 10:22:13,Just finished a coding project I’ve been working on for weeks! #blessed #grateful,4,73,UNKNOWN,0.31,False,just finished a coding project ive been working on for weeks! blessed grateful,13,False,0.31,10,77,0,Tuesday
POST_0168,user_119,2025-10-03 00:35:31,So grateful for the support of my friends and family. #blessed #grateful,32,72,UNKNOWN,0.23,False,so grateful for the support of my friends and family. blessed grateful,12,False,0.23,0,104,0,Friday
POST_0222,user_114,2025-09-28 23:33:37,Congratulations to our team for winning the championship!,13,30,scientificamerican.com,0.85,False,congratulations to our team for winning the championship!,8,True,0.85,23,43,0,Sunday
POST_0071,user_004,2025-10-06 04:38:38,Amazing day volunteering at the local shelter.,6,60,bloomberg.com,0.81,False,amazing day volunteering at the local shelter.,7,True,0.81,4,66,0,Monday
POST_0016,user_139,2025-10-09 07:44:07,Just planted some vegetables in my garden. #blessed #grateful,38,46,UNKNOWN,0.19,False,just planted some vegetables in my garden. blessed grateful,9,False,0.19,7,84,0,Thursday
POST_0236,user_136,2025-10-01 01:51:05,Congratulations to our team for winning the championship!,36,19,UNKNOWN,0.54,False,congratulations to our team for winning the championship!,8,False,0.54,1,55,0,Wednesday
POST_0264,user_062,2025-09-15 10:19:23,URGENT! THIS MIRACLE REMEDY WILL CHANGE YOUR LIFE FOREVER!,934,562,UNKNOWN,-0.62,True,urgent! this miracle remedy will change your life forever!,9,False,0.62,10,1496,2,Monday
POST_0202,user_117,2025-09-11 12:49:17,Weekend hike was breathtaking. Can’t wait to go back!,28,58,UNKNOWN,0.26,False,weekend hike was breathtaking. cant wait to go back!,9,False,0.26,12,86,0,Thursday
POST_0193,user_045,2025-10-04 02:18:21,Excited to announce my new job at ABC Company! #blessed #grateful,7,30,national-geographic.com,0.73,False,excited to announce my new job at abc company! blessed grateful,11,True,0.73,2,37,0,Saturday
POST_0247,user_148,2025-09-19 09:24:56,Just adopted a cute puppy. Meet Max! #blessed #grateful,43,46,UNKNOWN,0.8,False,just adopted a cute puppy. meet max! blessed grateful,9,False,0.8,9,89,0,Friday
POST_0035,user_142,2025-09-18 11:53:03,New blog post is up! Sharing my travel experiences from Japan.,8,38,UNKNOWN,0.19,False,new blog post is up! sharing my travel experiences from japan.,11,False,0.19,11,46,0,Thursday
POST_0025,user_072,2025-09-22 22:42:06,Check out this recipe I tried today. It turned out delicious!,4,61,un.org,0.54,False,check out this recipe i tried today. it turned out delicious!,11,True,0.54,22,65,0,Monday
POST_0209,user_099,2025-09-25 05:34:42,Tried a new restaurant today and the food was incredible!,17,84,bbc.com,0.2,False,tried a new restaurant today and the food was incredible!,10,True,0.2,5,101,0,Thursday
POST_0174,user_136,2025-09-21 18:35:25,Check out this recipe I tried today. It turned out delicious!,15,43,UNKNOWN,0.29,False,check out this recipe i tried today. it turned out delicious!,11,False,0.29,18,58,0,Sunday
POST_0277,user_144,2025-10-06 22:22:40,Cure for diabetes found but kept secret for profit!,273,589,UNKNOWN,-0.71,True,cure for diabetes found but kept secret for profit!,9,False,0.71,22,862,2,Monday
POST_0132,user_021,2025-09-19 09:55:11,Morning workout complete. Ready to start the day!,8,40,forbes.com,0.54,False,morning workout complete. ready to start the day!,8,True,0.54,9,48,0,Friday
POST_0268,user_012,2025-10-07 17:30:06,World leaders secretly meeting to control the weather!,387,756,fakenews-source.net,-0.77,True,world leaders secretly meeting to control the weather!,8,True,0.77,17,1143,1,Tuesday
POST_0244,user_071,2025-09-15 14:34:14,Morning workout complete. Ready to start the day!,2,89,UNKNOWN,0.71,False,morning workout complete. ready to start the day!,8,False,0.71,14,91,0,Monday
POST_0137,user_032,2025-09-22 02:41:49,Tried a new restaurant today and the food was incredible!,48,59,nasa.gov,0.14,False,tried a new restaurant today and the food was incredible!,10,True,0.14,2,107,0,Monday
POST_0149,user_084,2025-09-14 10:16:00,Movie night with friends. Perfect way to end the week.,44,51,UNKNOWN,0.78,False,movie night with friends. perfect way to end the week.,10,False,0.78,10,95,0,Sunday
POST_0150,user_103,2025-09-24 17:12:02,Just adopted a cute puppy. Meet Max!,19,100,UNKNOWN,0.37,False,just adopted a cute puppy. meet max!,7,False,0.37,17,119,0,Wednesday
POST_0166,user_043,2025-10-02 04:48:33,Excited to announce my new job at ABC Company!,23,91,theguardian.com,0.59,False,excited to announce my new job at abc company!,9,True,0.59,4,114,0,Thursday
POST_0298,user_045,2025-09-25 20:17:25,DRINKING LEMON WATER CAN INSTANTLY CURE COVID-19!,243,391,viral-hoax.net,-0.47,True,drinking lemon water can instantly cure covid19!,7,True,0.47,20,634,1,Thursday
POST_0144,user_109,2025-09-24 10:14:33,Loving the new coffee shop downtown. Great atmosphere.,17,32,bbc.com,0.38,False,loving the new coffee shop downtown. great atmosphere.,8,True,0.38,10,49,0,Wednesday
POST_0269,user_054,2025-09-26 19:34:59,Government conspiracy REVEALED! Wake up people!,829,607,shocking-news-daily.com,-0.79,True,government conspiracy revealed! wake up people!,6,True,0.79,19,1436,4,Friday
POST_0031,user_011,2025-09-27 17:12:49,Just adopted a cute puppy. Meet Max!,37,77,UNKNOWN,0.85,False,just adopted a cute puppy. meet max!,7,False,0.85,17,114,0,Saturday
POST_0265,user_118,2025-09-26 22:30:21,MIRACLE WEIGHT LOSS SECRET BANNED IN 5 COUNTRIES!,407,282,deepstateupdate.info,-0.45,True,miracle weight loss secret banned in 5 countries!,8,True,0.45,22,689,3,Friday
POST_0106,user_137,2025-09-21 01:26:52,Great concert last night. The band was fantastic. #blessed #grateful,48,67,nytimes.com,0.59,False,great concert last night. the band was fantastic. blessed grateful,10,True,0.59,1,115,0,Sunday
POST_0072,user_112,2025-09-14 14:19:48,Morning workout complete. Ready to start the day! #blessed #grateful,17,83,cnn.com,0.72,False,morning workout complete. ready to start the day! blessed grateful,10,True,0.72,14,100,0,Sunday
POST_0085,user_026,2025-10-08 21:26:20,Watching the stars tonight — feeling peaceful and blessed. #blessed #grateful,16,89,UNKNOWN,0.29,False,watching the stars tonight feeling peaceful and blessed. blessed grateful,10,False,0.29,21,105,0,Wednesday
POST_0220,user_126,2025-09-19 06:08:42,Learning to play the guitar — progress feels great!,50,97,UNKNOWN,0.2,False,learning to play the guitar progress feels great!,8,False,0.2,6,147,0,Friday
POST_0180,user_123,2025-09-28 20:37:15,Just finished a coding project I’ve been working on for weeks!,4,96,theguardian.com,0.13,False,just finished a coding project ive been working on for weeks!,11,True,0.13,20,100,0,Sunday
POST_0108,user_008,2025-09-10 01:36:10,Learning to play the guitar — progress feels great!,18,50,UNKNOWN,0.22,False,learning to play the guitar progress feels great!,8,False,0.22,1,68,0,Wednesday
POST_0122,user_127,2025-09-11 18:02:03,Beautiful sunset at the beach today. Nature is incredible.,34,22,UNKNOWN,0.4,False,beautiful sunset at the beach today. nature is incredible.,9,False,0.4,18,56,0,Thursday
POST_0061,user_123,2025-09-09 02:05:55,Just finished a coding project I’ve been working on for weeks!,24,58,UNKNOWN,0.69,False,just finished a coding project ive been working on for weeks!,11,False,0.69,2,82,0,Tuesday
POST_0225,user_122,2025-09-24 10:58:55,Excited to announce my new job at ABC Company!,18,46,UNKNOWN,0.15,False,excited to announce my new job at abc company!,9,False,0.15,10,64,0,Wednesday
POST_0045,user_138,2025-09-18 14:54:03,Weekend hike was breathtaking. Can’t wait to go back! #blessed #grateful,16,27,UNKNOWN,0.89,False,weekend hike was breathtaking. cant wait to go back! blessed grateful,11,False,0.89,14,43,0,Thursday
POST_0179,user_149,2025-10-02 00:54:09,New blog post is up! Sharing my travel experiences from Japan.,22,74,UNKNOWN,0.61,False,new blog post is up! sharing my travel experiences from japan.,11,False,0.61,0,96,0,Thursday
POST_0135,user_081,2025-09-22 01:28:23,Celebrating our anniversary today. Love you honey! #blessed #grateful,23,24,theguardian.com,0.15,False,celebrating our anniversary today. love you honey! blessed grateful,9,True,0.15,1,47,0,Monday
POST_0231,user_036,2025-09-24 01:45:22,Weekend hike was breathtaking. Can’t wait to go back!,0,38,UNKNOWN,0.46,False,weekend hike was breathtaking. cant wait to go back!,9,False,0.46,1,38,0,Wednesday
POST_0017,user_079,2025-09-15 16:02:03,Just planted some vegetables in my garden. #blessed #grateful,36,15,UNKNOWN,0.49,False,just planted some vegetables in my garden. blessed grateful,9,False,0.49,16,51,0,Monday
POST_0153,user_127,2025-09-23 09:34:44,Congratulations to our team for winning the championship!,28,92,forbes.com,0.61,False,congratulations to our team for winning the championship!,8,True,0.61,9,120,0,Tuesday
POST_0127,user_056,2025-10-04 22:07:56,Tried a new restaurant today and the food was incredible!,9,81,UNKNOWN,0.79,False,tried a new restaurant today and the food was incredible!,10,False,0.79,22,90,0,Saturday
POST_0053,user_058,2025-10-03 20:55:08,Just adopted a cute puppy. Meet Max!,2,36,forbes.com,0.78,False,just adopted a cute puppy. meet max!,7,True,0.78,20,38,0,Friday
POST_0218,user_118,2025-10-08 08:07:41,Great concert last night. The band was fantastic. #blessed #grateful,22,91,nasa.gov,0.64,False,great concert last night. the band was fantastic. blessed grateful,10,True,0.64,8,113,0,Wednesday
POST_0112,user_098,2025-09-27 02:22:25,Proud of my little sister for graduating with honors!,44,42,UNKNOWN,0.76,False,proud of my little sister for graduating with honors!,9,False,0.76,2,86,0,Saturday
POST_0280,user_085,2025-09-23 01:13:59,Hidden message found in the new company logo — proof of global control!,943,339,hiddenfactsworld.com,-0.24,True,hidden message found in the new company logo proof of global control!,12,True,0.24,1,1282,1,Tuesday
POST_0226,user_147,2025-09-16 08:33:53,Just finished a coding project I’ve been working on for weeks!,2,27,UNKNOWN,0.77,False,just finished a coding project ive been working on for weeks!,11,False,0.77,8,29,0,Tuesday
POST_0022,user_055,2025-09-25 19:33:06,Loving the new coffee shop downtown. Great atmosphere.,36,78,UNKNOWN,0.73,False,loving the new coffee shop downtown. great atmosphere.,8,False,0.73,19,114,0,Thursday
POST_0278,user_017,2025-09-14 04:03:33,BREAKING NEWS: Celebrity died! (actually fake) Share now!,406,695,banned-truth.info,-0.72,True,breaking news celebrity died! actually fake share now!,8,True,0.72,4,1101,1,Sunday
POST_0188,user_094,2025-09-20 03:22:09,Just adopted a cute puppy. Meet Max! #blessed #grateful,38,24,reuters.com,0.4,False,just adopted a cute puppy. meet max! blessed grateful,9,True,0.4,3,62,0,Saturday
POST_0279,user_127,2025-09-28 09:58:36,THIS ONE WEIRD TRICK WILL SOLVE ALL YOUR PROBLEMS INSTANTLY!,209,338,secret-revelations.org,-0.67,True,this one weird trick will solve all your problems instantly!,10,True,0.67,9,547,0,Sunday
POST_0138,user_091,2025-09-12 09:18:20,Finished my first marathon today! Feeling accomplished.,9,89,UNKNOWN,0.78,False,finished my first marathon today! feeling accomplished.,7,False,0.78,9,98,0,Friday
POST_0059,user_021,2025-09-12 19:00:31,Great concert last night. The band was fantastic. #blessed #grateful,44,24,bbc.com,0.43,False,great concert last night. the band was fantastic. blessed grateful,10,True,0.43,19,68,0,Friday
POST_0058,user_134,2025-09-24 11:01:24,New blog post is up! Sharing my travel experiences from Japan.,28,14,national-geographic.com,0.32,False,new blog post is up! sharing my travel experiences from japan.,11,True,0.32,11,42,0,Wednesday
POST_0262,user_124,2025-09-30 05:47:07,THE GOVERNMENT IS REPLACING BIRDS WITH SURVEILLANCE DRONES!,644,764,fakenews-source.net,-0.53,True,the government is replacing birds with surveillance drones!,8,True,0.53,5,1408,1,Tuesday
POST_0282,user_101,2025-09-19 18:45:43,SHOCKING evidence of alien cover-up! Must see!,304,758,UNKNOWN,-0.36,True,shocking evidence of alien coverup! must see!,7,False,0.36,18,1062,2,Friday
POST_0254,user_004,2025-09-14 21:33:14,Great concert last night. The band was fantastic.,47,66,nasa.gov,0.58,False,great concert last night. the band was fantastic.,8,True,0.58,21,113,0,Sunday
POST_0290,user_053,2025-09-25 06:08:37,Doctors HATE this simple method! Click to learn more!,199,648,viral-hoax.net,-0.68,True,doctors hate this simple method! click to learn more!,9,True,0.68,6,847,1,Thursday
POST_0235,user_138,2025-10-04 12:38:20,Tried a new restaurant today and the food was incredible! #blessed #grateful,48,36,forbes.com,0.8,False,tried a new restaurant today and the food was incredible! blessed grateful,12,True,0.8,12,84,0,Saturday
POST_0087,user_117,2025-09-11 12:01:06,Finished my first marathon today! Feeling accomplished. #blessed #grateful,16,85,UNKNOWN,0.74,False,finished my first marathon today! feeling accomplished. blessed grateful,9,False,0.74,12,101,0,Thursday
POST_0148,user_020,2025-10-06 01:22:34,Celebrating our anniversary today. Love you honey!,36,56,nature.com,0.33,False,celebrating our anniversary today. love you honey!,7,True,0.33,1,92,0,Monday
POST_0276,user_024,2025-09-28 10:36:27,You won't believe what celebrities are secretly doing! Click now!,984,594,UNKNOWN,-0.61,True,you wont believe what celebrities are secretly doing! click now!,10,False,0.61,10,1578,2,Sunday
